date,street_name,arrondissement,file_name,missing_image_street
2026-06-28,Rue de Chaillot,16e arrondissement,2026-06-28__rue-de-chaillot.jpg,
2026-06-29,Place Joseph Epstein,20e arrondissement,2026-06-29__place-joseph-epstein.jpg,
2026-06-30,Rue André Voguet,13e arrondissement,2026-06-30__rue-andre-voguet.jpg,
2026-07-01,Avenue Anna Politkovskaïa,12e arrondissement,2026-07-01__avenue-anna-politkovskaia.jpg,
2026-07-02,Place de Valois,1er arrondissement,2026-07-02__place-de-valois.jpg,
2026-07-03,Rue du Bourg Tibourg,4e arrondissement,2026-07-03__rue-du-bourg-tibourg.jpg,
2026-07-04,Rue Jean-Pierre Timbaud,11e arrondissement,2026-07-04__rue-jean-pierre-timbaud.jpg,
2026-07-05,Boulevard Saint-Michel,5e arrondissement,2026-07-05__boulevard-saint-michel.jpg,
2026-07-06,Rue Vaucanson,3e arrondissement,2026-07-06__rue-vaucanson.jpg,
2026-07-07,Passage Sainte-Anne,2e arrondissement,2026-07-07__passage-sainte-anne.jpg,
2026-07-08,Rue Friant,14e arrondissement,2026-07-08__rue-friant.jpg,
2026-07-09,Rue des Tapisseries,17e arrondissement,2026-07-09__rue-des-tapisseries.jpg,
2026-07-10,Rue du Château Landon,10e arrondissement,2026-07-10__rue-du-chateau-landon.jpg,
2026-07-11,Rue de la Croix Nivert,15e arrondissement,2026-07-11__rue-de-la-croix-nivert.jpg,
2026-07-12,Rue Marinoni,7e arrondissement,2026-07-12__rue-marinoni.jpg,
2026-07-13,Avenue Delcassé,8e arrondissement,2026-07-13__avenue-delcasse.jpg,
2026-07-14,Rue Georges Thill,19e arrondissement,2026-07-14__rue-georges-thill.jpg,
2026-07-15,Rue Jacques Callot,6e arrondissement,2026-07-15__rue-jacques-callot.jpg,
2026-07-16,Rue André Gill,18e arrondissement,2026-07-16__rue-andre-gill.jpg,
2026-07-17,Rue de Montholon,9e arrondissement,2026-07-17__rue-de-montholon.jpg,
2026-07-18,Rue du Docteur Tuffier,13e arrondissement,2026-07-18__rue-du-docteur-tuffier.jpg,
2026-07-19,Impasse des Arbalétriers,3e arrondissement,2026-07-19__impasse-des-arbaletriers.jpg,
2026-07-20,Impasse Saint-Denis,2e arrondissement,2026-07-20__impasse-saint-denis.jpg,
2026-07-21,Impasse Bouvart,5e arrondissement,2026-07-21__impasse-bouvart.jpg,
2026-07-22,Rue de la Jonquière,17e arrondissement,2026-07-22__rue-de-la-jonquiere.jpg,
2026-07-23,Escalier O,1er arrondissement,2026-07-23__escalier-o.jpg,
2026-07-24,Rue La Vacquerie,11e arrondissement,2026-07-24__rue-la-vacquerie.jpg,
2026-07-25,Rue de la République,12e arrondissement,2026-07-25__rue-de-la-republique.jpg,
2026-07-26,Rue Tesson,10e arrondissement,2026-07-26__rue-tesson.jpg,
2026-07-27,Rue Champfleury,7e arrondissement,2026-07-27__rue-champfleury.jpg,
2026-07-28,Rue des Plantes,14e arrondissement,2026-07-28__rue-des-plantes.jpg,
2026-07-29,Passage de l'Atlas,19e arrondissement,2026-07-29__passage-de-latlas.jpg,
2026-07-30,Rue de Provence,9e arrondissement,2026-07-30__rue-de-provence.jpg,
2026-07-31,Rue Tchaïkovski,18e arrondissement,2026-07-31__rue-tchaikovski.jpg,
2026-08-01,Rue Eugénie Legrand,20e arrondissement,2026-08-01__rue-eugenie-legrand.jpg,
2026-08-02,Place de Tokyo,16e arrondissement,2026-08-02__place-de-tokyo.jpg,
2026-08-03,Rue Pecquay,4e arrondissement,2026-08-03__rue-pecquay.jpg,
2026-08-04,Rue Andrieux,8e arrondissement,2026-08-04__rue-andrieux.jpg,
2026-08-05,Rue Huysmans,6e arrondissement,2026-08-05__rue-huysmans.jpg,
2026-08-06,Rue Bouchut,15e arrondissement,2026-08-06__rue-bouchut.jpg,
2026-08-07,Escalier L,1er arrondissement,2026-08-07__escalier-l.jpg,
2026-08-08,Pont Hélène Duc,10e arrondissement,2026-08-08__pont-helene-duc.jpg,
2026-08-09,Rue de la Paix,2e arrondissement,2026-08-09__rue-de-la-paix.jpg,
2026-08-10,Rue de Bellièvre,13e arrondissement,2026-08-10__rue-de-bellievre.jpg,
2026-08-11,Rue Jean Oestreicher,17e arrondissement,2026-08-11__rue-jean-oestreicher.jpg,
2026-08-12,Rue de l'Ambroisie,12e arrondissement,2026-08-12__rue-de-lambroisie.jpg,
2026-08-13,Rue des Abbesses,18e arrondissement,2026-08-13__rue-des-abbesses.jpg,
2026-08-14,Rue Reynaldo Hahn,20e arrondissement,2026-08-14__rue-reynaldo-hahn.jpg,
2026-08-15,Rue de la Corrèze,19e arrondissement,2026-08-15__rue-de-la-correze.jpg,
2026-08-16,Promenade René Capitant,5e arrondissement,2026-08-16__promenade-rene-capitant.jpg,
2026-08-17,Impasse de la Planchette,3e arrondissement,2026-08-17__impasse-de-la-planchette.jpg,
2026-08-18,Boulevard de Belleville,11e arrondissement,2026-08-18__boulevard-de-belleville.jpg,
2026-08-19,Rue Alain,14e arrondissement,2026-08-19__rue-alain.jpg,
2026-08-20,Square La Bruyère,9e arrondissement,2026-08-20__square-la-bruyere.jpg,
2026-08-21,Rue de l'Échaudé,6e arrondissement,2026-08-21__rue-de-lechaude.jpg,
2026-08-22,Place de la Porte de Versailles,15e arrondissement,2026-08-22__place-de-la-porte-de-versailles.jpg,
2026-08-23,Rue de l'Avé Maria,4e arrondissement,2026-08-23__rue-de-lave-maria.jpg,
2026-08-24,Rue Intérieure,8e arrondissement,2026-08-24__rue-interieure.jpg,
2026-08-25,Rue de la Comète,7e arrondissement,2026-08-25__rue-de-la-comete.jpg,
2026-08-26,Place des États-Unis,16e arrondissement,2026-08-26__place-des-etats-unis.jpg,
2026-08-27,Rue Duris,20e arrondissement,2026-08-27__rue-duris.jpg,
2026-08-28,Rue Feydeau,2e arrondissement,2026-08-28__rue-feydeau.jpg,
2026-08-29,Rue Jules Bourdais,17e arrondissement,2026-08-29__rue-jules-bourdais.jpg,
2026-08-30,Passage Chaussin,12e arrondissement,2026-08-30__passage-chaussin.jpg,
2026-08-31,Passage Reilhac,10e arrondissement,2026-08-31__passage-reilhac.jpg,
2026-09-01,Place Saint-Jacques,14e arrondissement,2026-09-01__place-saint-jacques.jpg,
2026-09-02,Allée Maria Doriath,11e arrondissement,2026-09-02__allee-maria-doriath.jpg,
2026-09-03,Passage Cottin,18e arrondissement,2026-09-03__passage-cottin.jpg,
2026-09-04,Rue des Francs Bourgeois,3e arrondissement,2026-09-04__rue-des-francs-bourgeois.jpg,
2026-09-05,Rue de Cheverus,9e arrondissement,2026-09-05__rue-de-cheverus.jpg,
2026-09-06,Rue Alphonse Aulard,19e arrondissement,2026-09-06__rue-alphonse-aulard.jpg,
2026-09-07,Rue Henri Pape,13e arrondissement,2026-09-07__rue-henri-pape.jpg,
2026-09-08,Escalier M,1er arrondissement,2026-09-08__escalier-m.jpg,
2026-09-09,Rue Mayet,6e arrondissement,2026-09-09__rue-mayet.jpg,
2026-09-10,Place Jean-Lorrain,16e arrondissement,2026-09-10__place-jean-lorrain.jpg,
2026-09-11,Allée Georges Ville,5e arrondissement,2026-09-11__allee-georges-ville.jpg,
2026-09-12,Rue Jean Beausire,4e arrondissement,2026-09-12__rue-jean-beausire.jpg,
2026-09-13,Rue Jean-Goujon,8e arrondissement,2026-09-13__rue-jean-goujon.jpg,
2026-09-14,Passage F/7,7e arrondissement,2026-09-14__passage-f-7.jpg,
2026-09-15,Rue du Cotentin,15e arrondissement,2026-09-15__rue-du-cotentin.jpg,
2026-09-16,Rue Louis Le Grand,2e arrondissement,2026-09-16__rue-louis-le-grand.jpg,
2026-09-17,Passage L/10,10e arrondissement,2026-09-17__passage-l-10.jpg,
2026-09-18,Place Paul Tortelier,17e arrondissement,2026-09-18__place-paul-tortelier.jpg,
2026-09-19,Square Courteline,12e arrondissement,2026-09-19__square-courteline.jpg,
2026-09-20,Place Tina Turner,13e arrondissement,2026-09-20__place-tina-turner.jpg,
2026-09-21,Rue Clotilde de Vaux,11e arrondissement,2026-09-21__rue-clotilde-de-vaux.jpg,
2026-09-22,Rue de la Gare,19e arrondissement,2026-09-22__rue-de-la-gare.jpg,
2026-09-23,Impasse Pers,18e arrondissement,2026-09-23__impasse-pers.jpg,
2026-09-24,Rue des Arènes,5e arrondissement,2026-09-24__rue-des-arenes.jpg,
2026-09-25,Rue Béranger,3e arrondissement,2026-09-25__rue-beranger.jpg,
2026-09-26,Rue de Schomberg,4e arrondissement,2026-09-26__rue-de-schomberg.jpg,
2026-09-27,Passage Commun D7,7e arrondissement,2026-09-27__passage-commun-d7.jpg,
2026-09-28,Rue du Helder,9e arrondissement,2026-09-28__rue-du-helder.jpg,
2026-09-29,Passage Saint-Roch,1er arrondissement,2026-09-29__passage-saint-roch.jpg,
2026-09-30,Impasse Vandal,14e arrondissement,2026-09-30__impasse-vandal.jpg,
2026-10-01,Place de la Madeleine,8e arrondissement,2026-10-01__place-de-la-madeleine.jpg,
2026-10-02,Rue Falguière,15e arrondissement,2026-10-02__rue-falguiere.jpg,
2026-10-03,Square Charles Dickens,16e arrondissement,2026-10-03__square-charles-dickens.jpg,
2026-10-04,Rue Caroline et William Herschel,6e arrondissement,2026-10-04__rue-caroline-et-william-herschel.jpg,
2026-10-05,Rue Mouraud,20e arrondissement,2026-10-05__rue-mouraud.jpg,
2026-10-06,Rue Volney,2e arrondissement,2026-10-06__rue-volney.jpg,
2026-10-07,Rue Charles Lauth,18e arrondissement,2026-10-07__rue-charles-lauth.jpg,
2026-10-08,Rue Chaudron,10e arrondissement,2026-10-08__rue-chaudron.jpg,
2026-10-09,Rue Jules Lemaître,12e arrondissement,2026-10-09__rue-jules-lemaitre.jpg,
2026-10-10,Rue Ponscarme,13e arrondissement,2026-10-10__rue-ponscarme.jpg,
2026-10-11,Rue du Cloître Saint-Merri,4e arrondissement,2026-10-11__rue-du-cloitre-saint-merri.jpg,
2026-10-12,Impasse Vincent,17e arrondissement,2026-10-12__impasse-vincent.jpg,
2026-10-13,Place Jacques Féron,19e arrondissement,2026-10-13__place-jacques-feron.jpg,
2026-10-14,Avenue Émile Deschanel,7e arrondissement,2026-10-14__avenue-emile-deschanel.jpg,
2026-10-15,Avenue du Général Lemonnier,1er arrondissement,2026-10-15__avenue-du-general-lemonnier.jpg,
2026-10-16,Rue Euler,8e arrondissement,2026-10-16__rue-euler.jpg,
2026-10-17,Rue Beaunier,14e arrondissement,2026-10-17__rue-beaunier.jpg,
2026-10-18,Rue de Bourbon le Château,6e arrondissement,2026-10-18__rue-de-bourbon-le-chateau.jpg,
2026-10-19,Pont de Bir Hakeim,16e arrondissement,2026-10-19__pont-de-bir-hakeim.jpg,
2026-10-20,Passage Viallet,11e arrondissement,2026-10-20__passage-viallet.jpg,
2026-10-21,Rue Saint-Lambert,15e arrondissement,2026-10-21__rue-saint-lambert.jpg,
2026-10-22,Rue des Mûriers,20e arrondissement,2026-10-22__rue-des-muriers.jpg,
2026-10-23,Passage du Clos Bruneau,5e arrondissement,2026-10-23__passage-du-clos-bruneau.jpg,
2026-10-24,Place Georges Berry,9e arrondissement,2026-10-24__place-georges-berry.jpg,
2026-10-25,Rue de Picardie,3e arrondissement,2026-10-25__rue-de-picardie.jpg,
